record_type,username,format,gxe,rating,levels,extraction_time,source,endpoint
profile,LoSconosciuto,gen9monotype,,,,2025-06-10T19:48:08.106743,showdown,profile/LoSconosciuto
profile,ltranc,gen9monotype,,,,2025-06-10T19:48:08.106743,showdown,profile/ltranc
profile,packzick,gen9monotype,,,,2025-06-10T19:48:08.106743,showdown,profile/packzick
profile,Lake606,gen9monotype,,,,2025-06-10T19:48:08.106743,showdown,profile/Lake606
profile,ajumi,gen9monotype,,,,2025-06-10T19:48:08.106743,showdown,profile/ajumi
profile,mechanicalhoundour,gen9monotype,,,,2025-06-10T19:48:08.106743,showdown,profile/mechanicalhoundour
profile,Ed_Sheeran_Gaming,gen9monotype,,,,2025-06-10T19:48:08.106743,showdown,profile/Ed_Sheeran_Gaming
profile,CleanTesting,gen9monotype,,,,2025-06-10T19:48:08.106743,showdown,profile/CleanTesting
profile,RoyalReloaded,gen9monotype,,,,2025-06-10T19:48:08.106743,showdown,profile/RoyalReloaded
profile,Vodoom,gen9monotype,,,,2025-06-10T19:48:08.106743,showdown,profile/Vodoom
profile,Khahara,gen9monotype,,,,2025-06-10T19:48:08.106743,showdown,profile/Khahara
profile,smub,gen9monotype,,,,2025-06-10T19:48:08.106743,showdown,profile/smub
profile,DreamPrince,gen9monotype,,,,2025-06-10T19:48:08.106743,showdown,profile/DreamPrince
profile,aaaaahowdogamework,gen9monotype,,,,2025-06-10T19:48:08.106743,showdown,profile/aaaaahowdogamework
profile,PandaDoux,gen9monotype,,,,2025-06-10T19:48:08.106743,showdown,profile/PandaDoux
profile,Remiliandre,gen9monotype,,,,2025-06-10T19:48:08.106743,showdown,profile/Remiliandre
profile,Vik5917,gen9monotype,,,,2025-06-10T19:48:08.106743,showdown,profile/Vik5917
profile,mortis142,gen9monotype,,,,2025-06-10T19:48:08.106743,showdown,profile/mortis142
profile,Pyg,gen9monotype,,,,2025-06-10T19:48:08.106743,showdown,profile/Pyg
profile,JrryBerry_,gen9monotype,,,,2025-06-10T19:48:08.106743,showdown,profile/JrryBerry_
profile,shaomao,gen9monotype,,,,2025-06-10T19:48:08.106743,showdown,profile/shaomao
profile,sarahndipity,gen9monotype,,,,2025-06-10T19:48:08.106743,showdown,profile/sarahndipity
profile,haxmomola,gen9monotype,,,,2025-06-10T19:48:08.106743,showdown,profile/haxmomola
profile,cpt.kraken,gen9monotype,,,,2025-06-10T19:48:08.106743,showdown,profile/cpt.kraken
profile,drogonion,gen9monotype,,,,2025-06-10T19:48:08.106743,showdown,profile/drogonion
profile,Jahkem,gen9monotype,,,,2025-06-10T19:48:08.106743,showdown,profile/Jahkem
profile,freezegame,gen9monotype,,,,2025-06-10T19:48:08.106743,showdown,profile/freezegame
profile,Mastophobia,gen9monotype,,,,2025-06-10T19:48:08.106743,showdown,profile/Mastophobia
profile,WARIOROFLIBERATION,gen9monotype,,,,2025-06-10T19:48:08.106743,showdown,profile/WARIOROFLIBERATION
profile,birderking,gen9monotype,,,,2025-06-10T19:48:08.106743,showdown,profile/birderking
profile,XYZ,gen9monotype,,,,2025-06-10T19:48:08.106743,showdown,profile/XYZ
profile,MegaSylveon129,gen9monotype,,,,2025-06-10T19:48:08.106743,showdown,profile/MegaSylveon129
profile,BAXSD9Fraud,gen9monotype,,,,2025-06-10T19:48:08.106743,showdown,profile/BAXSD9Fraud
profile,GKIves,gen9monotype,,,,2025-06-10T19:48:08.106743,showdown,profile/GKIves
profile,tomasbram,gen9monotype,,,,2025-06-10T19:48:08.106743,showdown,profile/tomasbram
profile,ZowwyCake❤️,gen9ubers,,,,2025-06-10T19:48:08.106743,showdown,profile/ZowwyCake❤️
profile,jerrycarry11,gen9ubers,,,,2025-06-10T19:48:08.106743,showdown,profile/jerrycarry11
profile,stanloona2023,gen9ubers,,,,2025-06-10T19:48:08.106743,showdown,profile/stanloona2023
profile,maelizondo2,gen9ubers,,,,2025-06-10T19:48:08.106743,showdown,profile/maelizondo2
profile,laddermaster420,gen9ubers,,,,2025-06-10T19:48:08.106743,showdown,profile/laddermaster420
profile,BurningintheEmbers,gen9ubers,,,,2025-06-10T19:48:08.106743,showdown,profile/BurningintheEmbers
profile,Melmoney,gen9ubers,,,,2025-06-10T19:48:08.106743,showdown,profile/Melmoney
profile,f5vee,gen9ubers,,,,2025-06-10T19:48:08.106743,showdown,profile/f5vee
profile,default0,gen9ubers,,,,2025-06-10T19:48:08.106743,showdown,profile/default0
profile,ThePlumber7,gen9ubers,,,,2025-06-10T19:48:08.106743,showdown,profile/ThePlumber7
profile,Harran,gen9ubers,,,,2025-06-10T19:48:08.106743,showdown,profile/Harran
profile,kourouxu,gen9ubers,,,,2025-06-10T19:48:08.106743,showdown,profile/kourouxu
profile,bonslyguyfan,gen9ubers,,,,2025-06-10T19:48:08.106743,showdown,profile/bonslyguyfan
profile,Snakey7777777,gen9ubers,,,,2025-06-10T19:48:08.106743,showdown,profile/Snakey7777777
profile,mrdarkcyber,gen9ubers,,,,2025-06-10T19:48:08.106743,showdown,profile/mrdarkcyber
profile,Wssi,gen9ubers,,,,2025-06-10T19:48:08.106743,showdown,profile/Wssi
profile,RoFnA,gen9ubers,,,,2025-06-10T19:48:08.106743,showdown,profile/RoFnA
profile,willyng1,gen9ubers,,,,2025-06-10T19:48:08.106743,showdown,profile/willyng1
profile,BlazingCloud☁️,gen9ubers,,,,2025-06-10T19:48:08.106743,showdown,profile/BlazingCloud☁️
profile,S-Matrix,gen9ubers,,,,2025-06-10T19:48:08.106743,showdown,profile/S-Matrix
profile,fatfighter5,gen9ubers,,,,2025-06-10T19:48:08.106743,showdown,profile/fatfighter5
profile,icanplaycolintoo,gen9ubers,,,,2025-06-10T19:48:08.106743,showdown,profile/icanplaycolintoo
profile,gbmeme,gen9ubers,,,,2025-06-10T19:48:08.106743,showdown,profile/gbmeme
profile,Venati,gen9ubers,,,,2025-06-10T19:48:08.106743,showdown,profile/Venati
profile,huyuhun,gen9ubers,,,,2025-06-10T19:48:08.106743,showdown,profile/huyuhun
profile,123uejghjernqvljk,gen9ubers,,,,2025-06-10T19:48:08.106743,showdown,profile/123uejghjernqvljk
profile,jerrycarry1111,gen9ubers,,,,2025-06-10T19:48:08.106743,showdown,profile/jerrycarry1111
profile,zondagskind,gen9nu,,,,2025-06-10T19:48:08.106743,showdown,profile/zondagskind
profile,FlatEarth2070,gen9nu,,,,2025-06-10T19:48:08.106743,showdown,profile/FlatEarth2070
profile,stories,gen9nu,,,,2025-06-10T19:48:08.106743,showdown,profile/stories
profile,SonicRulz,gen9nu,,,,2025-06-10T19:48:08.106743,showdown,profile/SonicRulz
profile,ReturnOfTheDon,gen9nu,,,,2025-06-10T19:48:08.106743,showdown,profile/ReturnOfTheDon
profile,Mienshaocopium3,gen9nu,,,,2025-06-10T19:48:08.106743,showdown,profile/Mienshaocopium3
profile,riggedpz,gen9nu,,,,2025-06-10T19:48:08.106743,showdown,profile/riggedpz
profile,mqdo,gen9nu,,,,2025-06-10T19:48:08.106743,showdown,profile/mqdo
profile,mspqlaz,gen9nu,,,,2025-06-10T19:48:08.106743,showdown,profile/mspqlaz
profile,Joshua12343,gen9nu,,,,2025-06-10T19:48:08.106743,showdown,profile/Joshua12343
profile,ADASDASDASDSAD,gen9nu,,,,2025-06-10T19:48:08.106743,showdown,profile/ADASDASDASDSAD
profile,Speed_Aqua,gen9nu,,,,2025-06-10T19:48:08.106743,showdown,profile/Speed_Aqua
profile,volcanionisgrand,gen9nu,,,,2025-06-10T19:48:08.106743,showdown,profile/volcanionisgrand
profile,Shadow0709,gen9nu,,,,2025-06-10T19:48:08.106743,showdown,profile/Shadow0709
profile,3D&Chemicals,gen9nu,,,,2025-06-10T19:48:08.106743,showdown,profile/3D&Chemicals
profile,tolduitsstall,gen9nu,,,,2025-06-10T19:48:08.106743,showdown,profile/tolduitsstall
profile,Bramblegeist,gen9nu,,,,2025-06-10T19:48:08.106743,showdown,profile/Bramblegeist
profile,mdqo,gen9nu,,,,2025-06-10T19:48:08.106743,showdown,profile/mdqo
profile,2025isnotmyyear,gen9nu,,,,2025-06-10T19:48:08.106743,showdown,profile/2025isnotmyyear
profile,Stuckin2024,gen9nu,,,,2025-06-10T19:48:08.106743,showdown,profile/Stuckin2024
profile,SHENBT,gen9nu,,,,2025-06-10T19:48:08.106743,showdown,profile/SHENBT
profile,HavingABlast,gen9nu,,,,2025-06-10T19:48:08.106743,showdown,profile/HavingABlast
profile,m3p0,gen9nu,,,,2025-06-10T19:48:08.106743,showdown,profile/m3p0
profile,esteb1n,gen9nu,,,,2025-06-10T19:48:08.106743,showdown,profile/esteb1n
profile,randpokedrihem,gen9nu,,,,2025-06-10T19:48:08.106743,showdown,profile/randpokedrihem
profile,wqopisua,gen9nu,,,,2025-06-10T19:48:08.106743,showdown,profile/wqopisua
profile,samhauserfanclub,gen9nu,,,,2025-06-10T19:48:08.106743,showdown,profile/samhauserfanclub
profile,kalamaio,gen9ou,,,,2025-06-10T19:48:08.106743,showdown,profile/kalamaio
profile,8wKzDBm3nT4L1TyxQu,gen9ou,,,,2025-06-10T19:48:08.106743,showdown,profile/8wKzDBm3nT4L1TyxQu
profile,xorete,gen9ou,,,,2025-06-10T19:48:08.106743,showdown,profile/xorete
profile,Encadio,gen9ou,,,,2025-06-10T19:48:08.106743,showdown,profile/Encadio
profile,OnSayuzeNem,gen9ou,,,,2025-06-10T19:48:08.106743,showdown,profile/OnSayuzeNem
profile,Moodclues,gen9ou,,,,2025-06-10T19:48:08.106743,showdown,profile/Moodclues
profile,butts99999,gen9ou,,,,2025-06-10T19:48:08.106743,showdown,profile/butts99999
profile,Shikuleo,gen9ou,,,,2025-06-10T19:48:08.106743,showdown,profile/Shikuleo
profile,Kin2,gen9ou,,,,2025-06-10T19:48:08.106743,showdown,profile/Kin2
profile,metallowires,gen9ou,,,,2025-06-10T19:48:08.106743,showdown,profile/metallowires
profile,nagoL40spaz,gen9ou,,,,2025-06-10T19:48:08.106743,showdown,profile/nagoL40spaz
profile,inertialinitiative,gen9ou,,,,2025-06-10T19:48:08.106743,showdown,profile/inertialinitiative
profile,Abrobatics,gen9ou,,,,2025-06-10T19:48:08.106743,showdown,profile/Abrobatics
profile,qways,gen9ou,,,,2025-06-10T19:48:08.106743,showdown,profile/qways
profile,DragoniteFan1,gen9ou,,,,2025-06-10T19:48:08.106743,showdown,profile/DragoniteFan1
profile,O12D,gen9ou,,,,2025-06-10T19:48:08.106743,showdown,profile/O12D
profile,cold.exe,gen9ou,,,,2025-06-10T19:48:08.106743,showdown,profile/cold.exe
profile,BadTeamsHighLadder,gen9ou,,,,2025-06-10T19:48:08.106743,showdown,profile/BadTeamsHighLadder
profile,pod10,gen9ou,,,,2025-06-10T19:48:08.106743,showdown,profile/pod10
profile,midafin,gen9ou,,,,2025-06-10T19:48:08.106743,showdown,profile/midafin
profile,chusei20,gen9ou,,,,2025-06-10T19:48:08.106743,showdown,profile/chusei20
profile,VerySuboptimal,gen9ou,,,,2025-06-10T19:48:08.106743,showdown,profile/VerySuboptimal
profile,BALL$ACKZ,gen9ou,,,,2025-06-10T19:48:08.106743,showdown,profile/BALL$ACKZ
profile,Bellakath,gen9ou,,,,2025-06-10T19:48:08.106743,showdown,profile/Bellakath
profile,TheEliteFourLarry,gen9ou,,,,2025-06-10T19:48:08.106743,showdown,profile/TheEliteFourLarry
profile,kaloid,gen9ou,,,,2025-06-10T19:48:08.106743,showdown,profile/kaloid
profile,LoseToRU?,gen9ou,,,,2025-06-10T19:48:08.106743,showdown,profile/LoseToRU?
profile,EM57,gen9uu,,,,2025-06-10T19:48:08.106743,showdown,profile/EM57
profile,Jakkkkkka,gen9uu,,,,2025-06-10T19:48:08.106743,showdown,profile/Jakkkkkka
profile,nigeiwoguolai,gen9uu,,,,2025-06-10T19:48:08.106743,showdown,profile/nigeiwoguolai
profile,sinoquieresno,gen9uu,,,,2025-06-10T19:48:08.106743,showdown,profile/sinoquieresno
profile,Persona111,gen9uu,,,,2025-06-10T19:48:08.106743,showdown,profile/Persona111
profile,Bhartes,gen9uu,,,,2025-06-10T19:48:08.106743,showdown,profile/Bhartes
profile,Aislinn,gen9uu,,,,2025-06-10T19:48:08.106743,showdown,profile/Aislinn
profile,thecoolermimilucha,gen9uu,,,,2025-06-10T19:48:08.106743,showdown,profile/thecoolermimilucha
profile,torterralover02,gen9uu,,,,2025-06-10T19:48:08.106743,showdown,profile/torterralover02
profile,AliceinParis,gen9uu,,,,2025-06-10T19:48:08.106743,showdown,profile/AliceinParis
profile,IcedSalmon,gen9uu,,,,2025-06-10T19:48:08.106743,showdown,profile/IcedSalmon
profile,Neutralist,gen9uu,,,,2025-06-10T19:48:08.106743,showdown,profile/Neutralist
profile,Mimilucha,gen9uu,,,,2025-06-10T19:48:08.106743,showdown,profile/Mimilucha
profile,Cammellia白山茶,gen9uu,,,,2025-06-10T19:48:08.106743,showdown,profile/Cammellia白山茶
profile,Wickard,gen9uu,,,,2025-06-10T19:48:08.106743,showdown,profile/Wickard
profile,qoewgkwog,gen9uu,,,,2025-06-10T19:48:08.106743,showdown,profile/qoewgkwog
profile,pinkdinotamer,gen9uu,,,,2025-06-10T19:48:08.106743,showdown,profile/pinkdinotamer
profile,skarmory243,gen9uu,,,,2025-06-10T19:48:08.106743,showdown,profile/skarmory243
profile,gamer4905,gen9uu,,,,2025-06-10T19:48:08.106743,showdown,profile/gamer4905
profile,padstar36,gen9uu,,,,2025-06-10T19:48:08.106743,showdown,profile/padstar36
profile,uunmzxcv,gen9uu,,,,2025-06-10T19:48:08.106743,showdown,profile/uunmzxcv
profile,EliotEnRetar,gen9uu,,,,2025-06-10T19:48:08.106743,showdown,profile/EliotEnRetar
profile,jatotestes,gen9uu,,,,2025-06-10T19:48:08.106743,showdown,profile/jatotestes
profile,UU25PYpetrifiedcat,gen9uu,,,,2025-06-10T19:48:08.106743,showdown,profile/UU25PYpetrifiedcat
profile,Bananas12op,gen9uu,,,,2025-06-10T19:48:08.106743,showdown,profile/Bananas12op
profile,hjkhj,gen9ru,,,,2025-06-10T19:48:08.106743,showdown,profile/hjkhj
profile,RULT85xFB,gen9ru,,,,2025-06-10T19:48:08.106743,showdown,profile/RULT85xFB
profile,loom25,gen9nu,,,,2025-06-10T19:48:08.106743,showdown,profile/loom25
profile,Havertz9,gen9nu,,,,2025-06-10T19:48:08.106743,showdown,profile/Havertz9
profile,WingsofFreedom6,gen9nu,,,,2025-06-10T19:48:08.106743,showdown,profile/WingsofFreedom6
profile,bellibolt_gaming25,gen9nu,,,,2025-06-10T19:48:08.106743,showdown,profile/bellibolt_gaming25
profile,Gimlegara,gen9nu,,,,2025-06-10T19:48:08.106743,showdown,profile/Gimlegara
profile,lailai223,gen9nu,,,,2025-06-10T19:48:08.106743,showdown,profile/lailai223
profile,PepeDuce,gen9nu,,,,2025-06-10T19:48:08.106743,showdown,profile/PepeDuce
profile,randpokemahyem,gen9nu,,,,2025-06-10T19:48:08.106743,showdown,profile/randpokemahyem
profile,Diamonds_realm,gen9nu,,,,2025-06-10T19:48:08.106743,showdown,profile/Diamonds_realm
profile,nnujsp,gen9nu,,,,2025-06-10T19:48:08.106743,showdown,profile/nnujsp
profile,ClawitzerFan7,gen9nu,,,,2025-06-10T19:48:08.106743,showdown,profile/ClawitzerFan7
profile,anditwasallyellow,gen9nu,,,,2025-06-10T19:48:08.106743,showdown,profile/anditwasallyellow
profile,i<3bea,gen9nu,,,,2025-06-10T19:48:08.106743,showdown,profile/i<3bea
profile,SleepinNSnorlaxin',gen9nu,,,,2025-06-10T19:48:08.106743,showdown,profile/SleepinNSnorlaxin'
profile,rik,gen9nu,,,,2025-06-10T19:48:08.106743,showdown,profile/rik
profile,Madinina,gen9nu,,,,2025-06-10T19:48:08.106743,showdown,profile/Madinina
profile,rezalb,gen9nu,,,,2025-06-10T19:48:08.106743,showdown,profile/rezalb
profile,khachapuri,gen9nu,,,,2025-06-10T19:48:08.106743,showdown,profile/khachapuri
profile,Astra✷Zyderia,gen9nu,,,,2025-06-10T19:48:08.106743,showdown,profile/Astra✷Zyderia
profile,youngbot,gen9nu,,,,2025-06-10T19:48:08.106743,showdown,profile/youngbot
profile,boscanova,gen9nu,,,,2025-06-10T19:48:08.106743,showdown,profile/boscanova
profile,poh,gen9nu,,,,2025-06-10T19:48:08.106743,showdown,profile/poh
profile,modq,gen9nu,,,,2025-06-10T19:48:08.106743,showdown,profile/modq
profile,PepitoTek54,gen9nu,,,,2025-06-10T19:48:08.106743,showdown,profile/PepitoTek54
profile,eppini,gen9nu,,,,2025-06-10T19:48:08.106743,showdown,profile/eppini
profile,JustOut459,gen9nu,,,,2025-06-10T19:48:08.106743,showdown,profile/JustOut459
profile,koopa003,gen9nu,,,,2025-06-10T19:48:08.106743,showdown,profile/koopa003
profile,frbsfb,gen9ru,,,,2025-06-10T19:48:08.106743,showdown,profile/frbsfb
profile,feufie,gen9ru,,,,2025-06-10T19:48:08.106743,showdown,profile/feufie
profile,brolaire,gen9ru,,,,2025-06-10T19:48:08.106743,showdown,profile/brolaire
profile,ruistralno,gen9ru,,,,2025-06-10T19:48:08.106743,showdown,profile/ruistralno
profile,woodsvs,gen9ru,,,,2025-06-10T19:48:08.106743,showdown,profile/woodsvs
profile,bggggm,gen9ru,,,,2025-06-10T19:48:08.106743,showdown,profile/bggggm
profile,Sneakyplanner,gen9ru,,,,2025-06-10T19:48:08.106743,showdown,profile/Sneakyplanner
profile,Miojo,gen9ru,,,,2025-06-10T19:48:08.106743,showdown,profile/Miojo
profile,doorknob72,gen9ru,,,,2025-06-10T19:48:08.106743,showdown,profile/doorknob72
profile,Heatranator,gen9ru,,,,2025-06-10T19:48:08.106743,showdown,profile/Heatranator
profile,Daharan0,gen9ru,,,,2025-06-10T19:48:08.106743,showdown,profile/Daharan0
profile,backwardmuk,gen9ru,,,,2025-06-10T19:48:08.106743,showdown,profile/backwardmuk
profile,gleemchild123,gen9ru,,,,2025-06-10T19:48:08.106743,showdown,profile/gleemchild123
profile,jokiiniemi,gen9ru,,,,2025-06-10T19:48:08.106743,showdown,profile/jokiiniemi
profile,littensalt,gen9ru,,,,2025-06-10T19:48:08.106743,showdown,profile/littensalt
profile,ArmaShouldBBanned,gen9ru,,,,2025-06-10T19:48:08.106743,showdown,profile/ArmaShouldBBanned
profile,gigaprodu92,gen9ru,,,,2025-06-10T19:48:08.106743,showdown,profile/gigaprodu92
profile,scouterman,gen9ru,,,,2025-06-10T19:48:08.106743,showdown,profile/scouterman
profile,Veeeeeeoz,gen9ru,,,,2025-06-10T19:48:08.106743,showdown,profile/Veeeeeeoz
profile,SirFresh,gen9ru,,,,2025-06-10T19:48:08.106743,showdown,profile/SirFresh
profile,titiechecs,gen9ru,,,,2025-06-10T19:48:08.106743,showdown,profile/titiechecs
profile,RULT85Canard,gen9ru,,,,2025-06-10T19:48:08.106743,showdown,profile/RULT85Canard
profile,j!whan,gen9ru,,,,2025-06-10T19:48:08.106743,showdown,profile/j!whan
profile,Ermacro,gen9ru,,,,2025-06-10T19:48:08.106743,showdown,profile/Ermacro
profile,MorbinFrFr,gen9ru,,,,2025-06-10T19:48:08.106743,showdown,profile/MorbinFrFr
profile,CoinHeaven,gen9nu,,,,2025-06-10T19:48:08.106743,showdown,profile/CoinHeaven
profile,milliongatejumpguy,gen9nu,,,,2025-06-10T19:48:08.106743,showdown,profile/milliongatejumpguy
profile,ilkist,gen9nu,,,,2025-06-10T19:48:08.106743,showdown,profile/ilkist
profile,Imuststeelmyself,gen9nu,,,,2025-06-10T19:48:08.106743,showdown,profile/Imuststeelmyself
profile,frosmothfan421,gen9nu,,,,2025-06-10T19:48:08.106743,showdown,profile/frosmothfan421
profile,Mienshaocopium,gen9nu,,,,2025-06-10T19:48:08.106743,showdown,profile/Mienshaocopium
profile,winter$torm,gen9nu,,,,2025-06-10T19:48:08.106743,showdown,profile/winter$torm
profile,Kman343,gen9nu,,,,2025-06-10T19:48:08.106743,showdown,profile/Kman343
profile,MysticMesmeralda,gen9nu,,,,2025-06-10T19:48:08.106743,showdown,profile/MysticMesmeralda
profile,flamigofan420,gen9nu,,,,2025-06-10T19:48:08.106743,showdown,profile/flamigofan420
profile,chloe,gen9nu,,,,2025-06-10T19:48:08.106743,showdown,profile/chloe
profile,TrapKingRD,gen9nu,,,,2025-06-10T19:48:08.106743,showdown,profile/TrapKingRD
profile,zuzhouduimian,gen9nu,,,,2025-06-10T19:48:08.106743,showdown,profile/zuzhouduimian
profile,rdpoke,gen9nu,,,,2025-06-10T19:48:08.106743,showdown,profile/rdpoke
profile,MenFhis,gen9nu,,,,2025-06-10T19:48:08.106743,showdown,profile/MenFhis
profile,410ed,gen9nu,,,,2025-06-10T19:48:08.106743,showdown,profile/410ed
profile,toraflora!,gen9nu,,,,2025-06-10T19:48:08.106743,showdown,profile/toraflora!
profile,randpokewebs,gen9nu,,,,2025-06-10T19:48:08.106743,showdown,profile/randpokewebs
profile,ChandosH,gen9nu,,,,2025-06-10T19:48:08.106743,showdown,profile/ChandosH
profile,windcheeser,gen9nu,,,,2025-06-10T19:48:08.106743,showdown,profile/windcheeser
profile,toldu392,gen9nu,,,,2025-06-10T19:48:08.106743,showdown,profile/toldu392
profile,lronDeceiver,gen9nu,,,,2025-06-10T19:48:08.106743,showdown,profile/lronDeceiver
profile,trichotomy,gen9monotype,,,,2025-06-10T19:48:08.106743,showdown,profile/trichotomy
profile,mltza1,gen9monotype,,,,2025-06-10T19:48:08.106743,showdown,profile/mltza1
profile,pugzig9,gen9monotype,,,,2025-06-10T19:48:08.106743,showdown,profile/pugzig9
profile,pyrmd,gen9monotype,,,,2025-06-10T19:48:08.106743,showdown,profile/pyrmd
profile,themaverick,gen9monotype,,,,2025-06-10T19:48:08.106743,showdown,profile/themaverick
profile,Huzylly27,gen9monotype,,,,2025-06-10T19:48:08.106743,showdown,profile/Huzylly27
profile,hammy358,gen9monotype,,,,2025-06-10T19:48:08.106743,showdown,profile/hammy358
profile,Vaeoz,gen9ru,,,,2025-06-10T19:48:08.106743,showdown,profile/Vaeoz
profile,shreyashhy,gen9ru,,,,2025-06-10T19:48:08.106743,showdown,profile/shreyashhy
profile,Flasveaudu09,gen9ru,,,,2025-06-10T19:48:08.106743,showdown,profile/Flasveaudu09
profile,Madinina,gen9ru,,,,2025-06-10T19:48:08.106743,showdown,profile/Madinina
profile,Hoot1,gen9ru,,,,2025-06-10T19:48:08.106743,showdown,profile/Hoot1
profile,Meracx,gen9ru,,,,2025-06-10T19:48:08.106743,showdown,profile/Meracx
profile,ClawitzerFan7,gen9ru,,,,2025-06-10T19:48:08.106743,showdown,profile/ClawitzerFan7
profile,RULT50Tetris,gen9ru,,,,2025-06-10T19:48:08.106743,showdown,profile/RULT50Tetris
profile,freshoutgate,gen9ru,,,,2025-06-10T19:48:08.106743,showdown,profile/freshoutgate
profile,PPDC,gen9ru,,,,2025-06-10T19:48:08.106743,showdown,profile/PPDC
profile,hoyssxo,gen9ru,,,,2025-06-10T19:48:08.106743,showdown,profile/hoyssxo
profile,alyras,gen9ru,,,,2025-06-10T19:48:08.106743,showdown,profile/alyras
profile,Ac1D_13,gen9ru,,,,2025-06-10T19:48:08.106743,showdown,profile/Ac1D_13
profile,i<3bea,gen9ru,,,,2025-06-10T19:48:08.106743,showdown,profile/i<3bea
profile,Czarvis,gen9ru,,,,2025-06-10T19:48:08.106743,showdown,profile/Czarvis
profile,regintorm,gen9ru,,,,2025-06-10T19:48:08.106743,showdown,profile/regintorm
profile,ikotion,gen9ru,,,,2025-06-10T19:48:08.106743,showdown,profile/ikotion
profile,rult50azause,gen9ru,,,,2025-06-10T19:48:08.106743,showdown,profile/rult50azause
profile,LaMiellerie,gen9ru,,,,2025-06-10T19:48:08.106743,showdown,profile/LaMiellerie
profile,jessyboris2712,gen9ru,,,,2025-06-10T19:48:08.106743,showdown,profile/jessyboris2712
profile,LoSconosciuto,gen9ru,,,,2025-06-10T19:48:08.106743,showdown,profile/LoSconosciuto
profile,bigbootysw,gen9ru,,,,2025-06-10T19:48:08.106743,showdown,profile/bigbootysw
profile,Protalithic,gen9ru,,,,2025-06-10T19:48:08.106743,showdown,profile/Protalithic
profile,AestheticsDavid,gen9ru,,,,2025-06-10T19:48:08.106743,showdown,profile/AestheticsDavid
profile,Severalwriter,gen9ru,,,,2025-06-10T19:48:08.106743,showdown,profile/Severalwriter
profile,CALMOCOBRA,gen9ru,,,,2025-06-10T19:48:08.106743,showdown,profile/CALMOCOBRA
profile,shadowsneakhd,gen9ru,,,,2025-06-10T19:48:08.106743,showdown,profile/shadowsneakhd
profile,Kanawha,gen9ubers,,,,2025-06-10T19:48:08.106743,showdown,profile/Kanawha
profile,alekxbr,gen9ubers,,,,2025-06-10T19:48:08.106743,showdown,profile/alekxbr
profile,omoeirf,gen9ubers,,,,2025-06-10T19:48:08.106743,showdown,profile/omoeirf
profile,Thajester,gen9ubers,,,,2025-06-10T19:48:08.106743,showdown,profile/Thajester
profile,mystigen,gen9ubers,,,,2025-06-10T19:48:08.106743,showdown,profile/mystigen
profile,Lasen,gen9ubers,,,,2025-06-10T19:48:08.106743,showdown,profile/Lasen
profile,fildrongproplayer,gen9ubers,,,,2025-06-10T19:48:08.106743,showdown,profile/fildrongproplayer
profile,hjuyttdd,gen9ubers,,,,2025-06-10T19:48:08.106743,showdown,profile/hjuyttdd
profile,stellarceus,gen9ubers,,,,2025-06-10T19:48:08.106743,showdown,profile/stellarceus
profile,gregoreturns,gen9ubers,,,,2025-06-10T19:48:08.106743,showdown,profile/gregoreturns
profile,GNovaGalaxy,gen9ubers,,,,2025-06-10T19:48:08.106743,showdown,profile/GNovaGalaxy
profile,AthenaStrive9,gen9ubers,,,,2025-06-10T19:48:08.106743,showdown,profile/AthenaStrive9
profile,dragonitenoob,gen9uu,,,,2025-06-10T19:48:08.106743,showdown,profile/dragonitenoob
profile,ajumi,gen9uu,,,,2025-06-10T19:48:08.106743,showdown,profile/ajumi
profile,SirFresh,gen9uu,,,,2025-06-10T19:48:08.106743,showdown,profile/SirFresh
profile,gmuf,gen9uu,,,,2025-06-10T19:48:08.106743,showdown,profile/gmuf
profile,Cold.exe,gen9uu,,,,2025-06-10T19:48:08.106743,showdown,profile/Cold.exe
profile,Severalwriter,gen9uu,,,,2025-06-10T19:48:08.106743,showdown,profile/Severalwriter
profile,koraline,gen9uu,,,,2025-06-10T19:48:08.106743,showdown,profile/koraline
profile,Sirwings,gen9uu,,,,2025-06-10T19:48:08.106743,showdown,profile/Sirwings
profile,yiyue,gen9uu,,,,2025-06-10T19:48:08.106743,showdown,profile/yiyue
profile,juikpol,gen9uu,,,,2025-06-10T19:48:08.106743,showdown,profile/juikpol
profile,kleinerhodenkobold,gen9uu,,,,2025-06-10T19:48:08.106743,showdown,profile/kleinerhodenkobold
profile,Peum,gen9uu,,,,2025-06-10T19:48:08.106743,showdown,profile/Peum
profile,MegaStar54,gen9uu,,,,2025-06-10T19:48:08.106743,showdown,profile/MegaStar54
profile,cantlivewithoutit,gen9uu,,,,2025-06-10T19:48:08.106743,showdown,profile/cantlivewithoutit
profile,wintminter,gen9uu,,,,2025-06-10T19:48:08.106743,showdown,profile/wintminter
profile,AlwaysAgon,gen9ou,,,,2025-06-10T19:48:08.106743,showdown,profile/AlwaysAgon
profile,ouzqc,gen9ou,,,,2025-06-10T19:48:08.106743,showdown,profile/ouzqc
profile,MRH1106,gen9ou,,,,2025-06-10T19:48:08.106743,showdown,profile/MRH1106
profile,severalwriter,gen9ou,,,,2025-06-10T19:48:08.106743,showdown,profile/severalwriter
profile,devildream,gen9ou,,,,2025-06-10T19:48:08.106743,showdown,profile/devildream
profile,CYC0320,gen9ou,,,,2025-06-10T19:48:08.106743,showdown,profile/CYC0320
profile,Gourmet26,gen9ou,,,,2025-06-10T19:48:08.106743,showdown,profile/Gourmet26
profile,BlackStar150520,gen9ou,,,,2025-06-10T19:48:08.106743,showdown,profile/BlackStar150520
profile,freebobby2020,gen9ou,,,,2025-06-10T19:48:08.106743,showdown,profile/freebobby2020
profile,nujsp,gen9ou,,,,2025-06-10T19:48:08.106743,showdown,profile/nujsp
profile,NewRedemptioin,gen9ou,,,,2025-06-10T19:48:08.106743,showdown,profile/NewRedemptioin
profile,Kin1,gen9ou,,,,2025-06-10T19:48:08.106743,showdown,profile/Kin1
profile,luisin,gen9ou,,,,2025-06-10T19:48:08.106743,showdown,profile/luisin
profile,FaronAan,gen9ou,,,,2025-06-10T19:48:08.106743,showdown,profile/FaronAan
profile,Strengthen201,gen9ou,,,,2025-06-10T19:48:08.106743,showdown,profile/Strengthen201
profile,Dubilose,gen9ou,,,,2025-06-10T19:48:08.106743,showdown,profile/Dubilose
profile,Pichiu,gen9ou,,,,2025-06-10T19:48:08.106743,showdown,profile/Pichiu
profile,cryyysneasel,gen9ou,,,,2025-06-10T19:48:08.106743,showdown,profile/cryyysneasel
profile,go0bed,gen9ou,,,,2025-06-10T19:48:08.106743,showdown,profile/go0bed
profile,kshuaib734,gen9ou,,,,2025-06-10T19:48:08.106743,showdown,profile/kshuaib734
profile,ThatsMyHorsea,gen9ou,,,,2025-06-10T19:48:08.106743,showdown,profile/ThatsMyHorsea
profile,bakedbeans88,gen9ou,,,,2025-06-10T19:48:08.106743,showdown,profile/bakedbeans88
profile,blimaxdoesntpostLs,gen9ou,,,,2025-06-10T19:48:08.106743,showdown,profile/blimaxdoesntpostLs
profile,jacksonjack,gen9ou,,,,2025-06-10T19:48:08.106743,showdown,profile/jacksonjack
profile,vertrip,gen9ubers,,,,2025-06-10T19:48:08.106743,showdown,profile/vertrip
profile,8142e,gen9ubers,,,,2025-06-10T19:48:08.106743,showdown,profile/8142e
profile,ox04,gen9ubers,,,,2025-06-10T19:48:08.106743,showdown,profile/ox04
profile,Sweettpain,gen9ubers,,,,2025-06-10T19:48:08.106743,showdown,profile/Sweettpain
profile,jjllzl,gen9ubers,,,,2025-06-10T19:48:08.106743,showdown,profile/jjllzl
profile,Remnonc,gen9ubers,,,,2025-06-10T19:48:08.106743,showdown,profile/Remnonc
profile,hyperpizza100,gen9ubers,,,,2025-06-10T19:48:08.106743,showdown,profile/hyperpizza100
profile,change40,gen9ubers,,,,2025-06-10T19:48:08.106743,showdown,profile/change40
profile,savage14455,gen9ubers,,,,2025-06-10T19:48:08.106743,showdown,profile/savage14455
profile,Bananas12op,gen9ubers,,,,2025-06-10T19:48:08.106743,showdown,profile/Bananas12op
profile,456457478y,gen9ubers,,,,2025-06-10T19:48:08.106743,showdown,profile/456457478y
profile,gxgxgx,gen9ubers,,,,2025-06-10T19:48:08.106743,showdown,profile/gxgxgx
profile,Pokemh,gen9ubers,,,,2025-06-10T19:48:08.106743,showdown,profile/Pokemh
profile,Freeroamer,gen9ubers,,,,2025-06-10T19:48:08.106743,showdown,profile/Freeroamer
profile,Suzuya,gen9ubers,,,,2025-06-10T19:48:08.106743,showdown,profile/Suzuya
profile,Corvi01,gen9ubers,,,,2025-06-10T19:48:08.106743,showdown,profile/Corvi01
profile,alt0408,gen9ubers,,,,2025-06-10T19:48:08.106743,showdown,profile/alt0408
profile,willyng,gen9ubers,,,,2025-06-10T19:48:08.106743,showdown,profile/willyng
profile,MRH1106,gen9ubers,,,,2025-06-10T19:48:08.106743,showdown,profile/MRH1106
profile,wishdban,gen9ubers,,,,2025-06-10T19:48:08.106743,showdown,profile/wishdban
profile,Bsuuuu,gen9ubers,,,,2025-06-10T19:48:08.106743,showdown,profile/Bsuuuu
profile,Celeste,gen9ubers,,,,2025-06-10T19:48:08.106743,showdown,profile/Celeste
profile,TheBhoy,gen9ubers,,,,2025-06-10T19:48:08.106743,showdown,profile/TheBhoy
profile,astrell,gen9ubers,,,,2025-06-10T19:48:08.106743,showdown,profile/astrell
profile,neptune732,gen9ubers,,,,2025-06-10T19:48:08.106743,showdown,profile/neptune732
profile,charjabugfan,gen9ubers,,,,2025-06-10T19:48:08.106743,showdown,profile/charjabugfan
profile,GentleDnite,gen9ubers,,,,2025-06-10T19:48:08.106743,showdown,profile/GentleDnite
profile,galactictraveler26,gen9ubers,,,,2025-06-10T19:48:08.106743,showdown,profile/galactictraveler26
profile,ironbozo,gen9ubers,,,,2025-06-10T19:48:08.106743,showdown,profile/ironbozo
profile,rhueuwhwhw,gen9ubers,,,,2025-06-10T19:48:08.106743,showdown,profile/rhueuwhwhw
